restaurant_id,category_id
JZUTavw4SsZ-iiExULq1_g,1
JZUTavw4SsZ-iiExULq1_g,2
JZUTavw4SsZ-iiExULq1_g,3
DGlk1nTaaRE6uJFJbKv45A,4
DGlk1nTaaRE6uJFJbKv45A,5
DGlk1nTaaRE6uJFJbKv45A,6
iQtGgTuPT7Zb_AHtLxl5sw,7
y2w6rFaO0XEiG5mFfOsiFA,1
y2w6rFaO0XEiG5mFfOsiFA,4
OLQKQ6jp3Tzrr9-r7EU_fg,7
OLQKQ6jp3Tzrr9-r7EU_fg,8
D3EMZKhkRqUQya20IGv7lg,9
_98MfEQ67r9-V78gmy8_Pg,1
_98MfEQ67r9-V78gmy8_Pg,10
_98MfEQ67r9-V78gmy8_Pg,11
xVJv__UZMNfW1O4oGUrvWw,12
xVJv__UZMNfW1O4oGUrvWw,13
xVJv__UZMNfW1O4oGUrvWw,14
i9slSVVALR9WF2ej2o1jvw,9
-pK1SR3blPDEzYKwXk4L5Q,5
-pK1SR3blPDEzYKwXk4L5Q,15
-pK1SR3blPDEzYKwXk4L5Q,16
Yw1vQd5U5GB6ZPqn2buhBg,17
Yw1vQd5U5GB6ZPqn2buhBg,18
Yw1vQd5U5GB6ZPqn2buhBg,19
yg1onzPFULGaEFT81CBmeQ,20
yg1onzPFULGaEFT81CBmeQ,21
yg1onzPFULGaEFT81CBmeQ,22
pWyR94wFtrJtd8Y7Ix2sQw,22
pWyR94wFtrJtd8Y7Ix2sQw,17
pWyR94wFtrJtd8Y7Ix2sQw,18
vNlwe5I5XRhdF4S8NZkz0w,20
vNlwe5I5XRhdF4S8NZkz0w,23
vNlwe5I5XRhdF4S8NZkz0w,24
omw2RVtNoMJ-Eet6Tvl_IA,1
Ii-aCAM4KG6RCvpMn0hOkg,9
VH0Ib9S3E-dxbQdQC4rffg,25
VH0Ib9S3E-dxbQdQC4rffg,26
e54WzrGWxuQBlABMCfM3DQ,27
e54WzrGWxuQBlABMCfM3DQ,28
xFEyKgGkgOycAsJvVsUzVw,21
xFEyKgGkgOycAsJvVsUzVw,22
ScslTjcxi4ubXOBiLfCOmg,12
ly8RyiktGZwwVSAv6KZEtQ,1
ly8RyiktGZwwVSAv6KZEtQ,10
ly8RyiktGZwwVSAv6KZEtQ,5
poswq7BdLM9Iryd9palDVQ,12
poswq7BdLM9Iryd9palDVQ,11
WoI1IisL_AgmWdiJLRb-Zw,29
WoI1IisL_AgmWdiJLRb-Zw,30
WoI1IisL_AgmWdiJLRb-Zw,31
V5r0E89VSK0IDzZRvrhc3g,29
V5r0E89VSK0IDzZRvrhc3g,32
1C32E52HmhRC3GNwkX2nZg,5
1C32E52HmhRC3GNwkX2nZg,24
aGYdF_fNHDhFCAnXoTCkGA,4
aGYdF_fNHDhFCAnXoTCkGA,29
aGYdF_fNHDhFCAnXoTCkGA,1
ez8T3NT5Icv2JFuUr_Qkfg,12
bZhUufqdpg5qxsDKpIRv5A,12
bZhUufqdpg5qxsDKpIRv5A,16
qVNYCZi2ofv-oe293JsYkg,5
qVNYCZi2ofv-oe293JsYkg,33
qVNYCZi2ofv-oe293JsYkg,10
Ruq91rmQNweZ78TzKylQMg,1
Ruq91rmQNweZ78TzKylQMg,4
Q2dq9Eo1NMbD1k25Xx21TQ,34
Q2dq9Eo1NMbD1k25Xx21TQ,22
HEaQQAH6qyFXamKkpil91A,3
HEaQQAH6qyFXamKkpil91A,35
HEaQQAH6qyFXamKkpil91A,1
MUup2lqjjX8JYvYjFCAAeA,36
rcERANnIyyyanLU0t2qdKg,12
Dvwj6KWrDZHVQwlSjYS4Iw,15
Dvwj6KWrDZHVQwlSjYS4Iw,29
Dvwj6KWrDZHVQwlSjYS4Iw,3
p8ohzzGvGRCHnJKnyO7exA,5
p8ohzzGvGRCHnJKnyO7exA,37
p8ohzzGvGRCHnJKnyO7exA,6
J1uidHIL7nE_noUuvFXj0A,12
XQFvbZxfzbrMY_GqsYu1RQ,12
XQFvbZxfzbrMY_GqsYu1RQ,11
Q8g68ZDAt93h_n_wTbwshA,24
Q8g68ZDAt93h_n_wTbwshA,16
Q8g68ZDAt93h_n_wTbwshA,22
gYMzNlDMnwJj5vsEX_NosA,24
kb0VfKZKHHhvDze3JZqi0Q,28
kb0VfKZKHHhvDze3JZqi0Q,21
kb0VfKZKHHhvDze3JZqi0Q,34
_QUh5vFHSuw8R_uiFZ7XKQ,3
_QUh5vFHSuw8R_uiFZ7XKQ,29
_QUh5vFHSuw8R_uiFZ7XKQ,16
ooaCl61BsK7kJlZnYOq0UQ,10
ooaCl61BsK7kJlZnYOq0UQ,1
ooaCl61BsK7kJlZnYOq0UQ,16
7LYzR3mMr0GLEItUxyWY7Q,11
7LYzR3mMr0GLEItUxyWY7Q,12
cg8mfYBkdhaPrvEVblm7gQ,1
cg8mfYBkdhaPrvEVblm7gQ,38
CB0KEBdcItjSDMOkcv7QtA,12
hHVq3NS0ZW9G-ZcLurvUJQ,34
hHVq3NS0ZW9G-ZcLurvUJQ,39
hHVq3NS0ZW9G-ZcLurvUJQ,40
QIq-oL_3NTz9Z3aK9OizGw,41
QIq-oL_3NTz9Z3aK9OizGw,4
QIq-oL_3NTz9Z3aK9OizGw,19
E3Qqa99qFy1oeGMv0wPBBQ,22
E3Qqa99qFy1oeGMv0wPBBQ,21
E3Qqa99qFy1oeGMv0wPBBQ,42
QbG-Ju21BhbPaNztMx8p1w,27
QbG-Ju21BhbPaNztMx8p1w,43
et8Pwzjy2vjRhETAgEZ1Lg,1
et8Pwzjy2vjRhETAgEZ1Lg,11
OP0xCQM6ih4VEhl2t39Z-g,12
9m678PeuzwYamIf6sysUHg,25
9m678PeuzwYamIf6sysUHg,12
9m678PeuzwYamIf6sysUHg,16
wOsTAvCIVjB-fPQBJepMQg,44
09pqlAR4TSjQXNTiB4cXjw,5
09pqlAR4TSjQXNTiB4cXjw,37
AkaYjquGGgmjvmnii8eELQ,28
cuFnppYt1KYfiiCtSaZX6g,21
cuFnppYt1KYfiiCtSaZX6g,19
cuFnppYt1KYfiiCtSaZX6g,45
pOEHpNa4B6oesmr5ltiv8A,12
pOEHpNa4B6oesmr5ltiv8A,46
pOEHpNa4B6oesmr5ltiv8A,1
4MClvr12OXBNvGu8h1yGpA,47
4MClvr12OXBNvGu8h1yGpA,19
4MClvr12OXBNvGu8h1yGpA,26
367aDatN4B0UNT4hNPMqPQ,29
367aDatN4B0UNT4hNPMqPQ,6
367aDatN4B0UNT4hNPMqPQ,4
xlOMKjE4omTgkI1eduWj8A,4
xlOMKjE4omTgkI1eduWj8A,6
xlOMKjE4omTgkI1eduWj8A,33
wuiDoeKWClLrr2g2LSXA8w,48
wuiDoeKWClLrr2g2LSXA8w,4
wuiDoeKWClLrr2g2LSXA8w,1
7B9dJn1uWTv9QPnFcDwaXw,49
7B9dJn1uWTv9QPnFcDwaXw,4
7B9dJn1uWTv9QPnFcDwaXw,50
inAEY3i1hYR4BlJfPgKFPw,51
inAEY3i1hYR4BlJfPgKFPw,2
inAEY3i1hYR4BlJfPgKFPw,52
twXlQB0UMBrAVas53QN9BA,12
twXlQB0UMBrAVas53QN9BA,11
twXlQB0UMBrAVas53QN9BA,52
eJzWmVgMY5x1n281Qw6YDQ,53
eJzWmVgMY5x1n281Qw6YDQ,4
PSp0P_3zWIQabA5HAIJBMQ,54
PSp0P_3zWIQabA5HAIJBMQ,9
PSp0P_3zWIQabA5HAIJBMQ,1
YCasSG_q_DdhWR6H1nhJ9A,22
YCasSG_q_DdhWR6H1nhJ9A,34
cqQfX8bDkR-7Ijh8JMtqJg,29
cqQfX8bDkR-7Ijh8JMtqJg,4
5fAhoG03Qy99lI0v7jGFYg,55
5fAhoG03Qy99lI0v7jGFYg,56
tJ6UTmPAjesBL0xz3IXSew,26
5NsdznaNSUmH2O0vuo65Pw,57
5NsdznaNSUmH2O0vuo65Pw,14
5NsdznaNSUmH2O0vuo65Pw,16
xVxjzyMqghCYwVe_dwJzJw,16
xVxjzyMqghCYwVe_dwJzJw,1
xVxjzyMqghCYwVe_dwJzJw,7
ZZoP396jgh6zK7PdZbHfPg,12
5rINmqRcMlJCBR3vwMKbtg,12
5rINmqRcMlJCBR3vwMKbtg,1
5rINmqRcMlJCBR3vwMKbtg,4
OGmH_HW9q-ttKdN_BagaxQ,41
5EmqULtZ3IFZ3hjxyXna5Q,4
5EmqULtZ3IFZ3hjxyXna5Q,26
5EmqULtZ3IFZ3hjxyXna5Q,58
u21_m6mewRV6pTMn9DCosA,6
u21_m6mewRV6pTMn9DCosA,5
u21_m6mewRV6pTMn9DCosA,59
r36vip-S5VSvZ1VPBH00JQ,7
kLr68qdt6nutZCuCMz5mDg,26
PHdD44TM-1dt0uhnm7QBNg,12
geqpfK2WO6uHJCDpNofURA,5
geqpfK2WO6uHJCDpNofURA,11
KmOBQdXpS2TRsGIVsUJdOw,12
qJxjhLQjLcYnpcqqDHS3Jg,11
qJxjhLQjLcYnpcqqDHS3Jg,16
qJxjhLQjLcYnpcqqDHS3Jg,1
3jG3f_bHJAtJHLI3Z0yLmw,18
3jG3f_bHJAtJHLI3Z0yLmw,17
IjshhPQwClaUK1v7z_7CpQ,4
IjshhPQwClaUK1v7z_7CpQ,29
IjshhPQwClaUK1v7z_7CpQ,15
XUepp8T9xSMBuvlEG_-DrQ,10
XUepp8T9xSMBuvlEG_-DrQ,1
XUepp8T9xSMBuvlEG_-DrQ,11
-S_m_GBqkGEjABeO0FaxzA,5
-S_m_GBqkGEjABeO0FaxzA,4
-S_m_GBqkGEjABeO0FaxzA,6
TZ0enk7TA8M7UND6D4Kj4A,1
1hWZ0K2DOKZB9Xft08VZ9g,12
1hWZ0K2DOKZB9Xft08VZ9g,4
1hWZ0K2DOKZB9Xft08VZ9g,26
Y7B9tTmHPXgNwu5SRGtgtQ,5
Y7B9tTmHPXgNwu5SRGtgtQ,4
T1wflZohQRZVb9SKQapfFA,1
T1wflZohQRZVb9SKQapfFA,10
T1wflZohQRZVb9SKQapfFA,29
JuTlOfaUDnqnNEG8QYnYrw,4
JuTlOfaUDnqnNEG8QYnYrw,33
JuTlOfaUDnqnNEG8QYnYrw,6
0kNj4j1QB72Zcw3uYedkSg,1
oz882XuZCxajKo64Opgq_Q,1
oz882XuZCxajKo64Opgq_Q,59
_rFGIsI4O_15Cr5P6zni1w,60
_rFGIsI4O_15Cr5P6zni1w,26
_rFGIsI4O_15Cr5P6zni1w,61
SB6IVbyTvTWRAF3sQgklPQ,21
SB6IVbyTvTWRAF3sQgklPQ,62
SB6IVbyTvTWRAF3sQgklPQ,63
l45r09qD9iIkQn9KoKKfuw,25
l45r09qD9iIkQn9KoKKfuw,4
l45r09qD9iIkQn9KoKKfuw,32
QFEEm3joTWU5ZF4suCuRPQ,4
QFEEm3joTWU5ZF4suCuRPQ,29
QFEEm3joTWU5ZF4suCuRPQ,6
T4nEmSQNeTKnNgcHpnvH0A,12
T4nEmSQNeTKnNgcHpnvH0A,11
T4nEmSQNeTKnNgcHpnvH0A,46
8zLHresim_7dPvkYSuBVzA,25
8zLHresim_7dPvkYSuBVzA,12
8zLHresim_7dPvkYSuBVzA,11
GQx1WJa_Q84U1GxWyHTREg,1
GQx1WJa_Q84U1GxWyHTREg,4
uBXOc3uxpCSmd22P6LOeew,12
Lo7ggtNcJH_he6f9osnBfg,64
Lo7ggtNcJH_he6f9osnBfg,44
Ml3RevpxZKmwSmDRNzMY5A,55
Ml3RevpxZKmwSmDRNzMY5A,12
K1wwqd6ZSTOKxkmZ-6VV6g,5
55PGG2U1z-q7Z694F-B-_w,12
55PGG2U1z-q7Z694F-B-_w,11
gCsidBqhALICug9E2AphCw,12
ANS_99in7H56CgBPoELspQ,12
e7g8vGmr0a-YW1lBtEBLrg,65
e7g8vGmr0a-YW1lBtEBLrg,66
2s4BPlsqvM4fV5F_MkF40g,1
2s4BPlsqvM4fV5F_MkF40g,16
htEuhPBhBgMs6ShlT3G3JA,55
htEuhPBhBgMs6ShlT3G3JA,12
htEuhPBhBgMs6ShlT3G3JA,11
3G3GvCsArfZrhoRrIYxDkw,67
3G3GvCsArfZrhoRrIYxDkw,10
4RpdVZIR3dV890pJ5hQd9A,12
4RpdVZIR3dV890pJ5hQd9A,11
OcbDf_9fan_fE_MyNsRhaw,1
OcbDf_9fan_fE_MyNsRhaw,68
X0mY5Pf7Fj_kfWmwDEqwdQ,4
X0mY5Pf7Fj_kfWmwDEqwdQ,5
MkjhW1dVbl3e0AxBL0oXKw,16
MkjhW1dVbl3e0AxBL0oXKw,5
H0lnJ44GvEkHoSV4WsQwtw,19
H0lnJ44GvEkHoSV4WsQwtw,4
H0lnJ44GvEkHoSV4WsQwtw,1
mxjVk5rvPNhzYe_vt3OSQA,1
mxjVk5rvPNhzYe_vt3OSQA,11
6fF-nAA2AWTPYF2vlOzqtg,55
tXiS82voSqoBACDxv1uDTw,49
tXiS82voSqoBACDxv1uDTw,50
q_Z2HlI5PQ35st0U5wocgA,67
uYqizPy4eUSpwOha0RkVPg,25
uYqizPy4eUSpwOha0RkVPg,12
uYqizPy4eUSpwOha0RkVPg,4
9JdZYh-OF_gpo5ioAdkzdQ,25
RA5FI-4bR3P13TGacQ_WKg,5
wFSkfP9aE_F99p-K00JA4w,16
wFSkfP9aE_F99p-K00JA4w,32
wFSkfP9aE_F99p-K00JA4w,5
zieUodakLeMjNuUBY3O8zg,34
zieUodakLeMjNuUBY3O8zg,43
zieUodakLeMjNuUBY3O8zg,27
MjpH-uP90jTUp_KqAOiBJg,12
MjpH-uP90jTUp_KqAOiBJg,11
MjpH-uP90jTUp_KqAOiBJg,32
XPxn2iIYdJdc2ErCrWw-rQ,1
LGNpVs8cRBllNVml8wI0Vg,12
LGNpVs8cRBllNVml8wI0Vg,11
I07zWZ_JGqVAp3ZPxIpDYg,1
I07zWZ_JGqVAp3ZPxIpDYg,4
I07zWZ_JGqVAp3ZPxIpDYg,5
DrfWREMxP-0JCt5Pz8_sUQ,1
DrfWREMxP-0JCt5Pz8_sUQ,4
DrfWREMxP-0JCt5Pz8_sUQ,31
jARXdEubmCxBtN55PYVd7w,4
jARXdEubmCxBtN55PYVd7w,12
cwUUnKCZs8Zild6n2uwiSA,5
cwUUnKCZs8Zild6n2uwiSA,62
cwUUnKCZs8Zild6n2uwiSA,4
IJ2MnBlIvib0aU2hbmr0hg,55
IJ2MnBlIvib0aU2hbmr0hg,69
IJ2MnBlIvib0aU2hbmr0hg,11
SJy51U18u3zJ_TccSKpPdQ,1
SJy51U18u3zJ_TccSKpPdQ,28
1yUvx89slO4SRud5O3zjUQ,9
1yUvx89slO4SRud5O3zjUQ,54
1yUvx89slO4SRud5O3zjUQ,4
_RWkck7niE8VJG3zLXK2ig,29
_RWkck7niE8VJG3zLXK2ig,16
_RWkck7niE8VJG3zLXK2ig,3
yQL8SrSETbbCI1U5esVJQw,12
yQL8SrSETbbCI1U5esVJQw,55
c0d6MwDQGkt4sBLVFQCaMw,24
c0d6MwDQGkt4sBLVFQCaMw,70
c0d6MwDQGkt4sBLVFQCaMw,71
UOh7UdNocP9q5tPwAXipAg,22
UOh7UdNocP9q5tPwAXipAg,50
UOh7UdNocP9q5tPwAXipAg,24
hdBsXpL9uAllcb2QsqzK7g,52
hdBsXpL9uAllcb2QsqzK7g,51
hdBsXpL9uAllcb2QsqzK7g,24
lsqYQYGfpe25wUZk9Wybwg,72
lsqYQYGfpe25wUZk9Wybwg,25
lsqYQYGfpe25wUZk9Wybwg,16
E2De90kZUtXIS2dy-vn1yg,5
E2De90kZUtXIS2dy-vn1yg,4
E2De90kZUtXIS2dy-vn1yg,25
8jxuIcCA4muy2j83X-DnIA,20
8jxuIcCA4muy2j83X-DnIA,24
fEKzWC1sbfZSElp46FoNag,10
fEKzWC1sbfZSElp46FoNag,11
fEKzWC1sbfZSElp46FoNag,6
itOs1rPS8j8sakiwsl1PEw,4
itOs1rPS8j8sakiwsl1PEw,29
itOs1rPS8j8sakiwsl1PEw,32
GTaqpwL4kCkgqUmHtlJeDQ,9
a1MOjLJXAIVmYZ2cG5gKCw,12
YGSacISAJEsEGrBKFwR0Gg,5
YGSacISAJEsEGrBKFwR0Gg,4
4jYkon2dF4_asouJ8S_gVQ,58
4jYkon2dF4_asouJ8S_gVQ,4
4-Tp4hstdC5XVvO4otGkuA,16
4-Tp4hstdC5XVvO4otGkuA,5
4-Tp4hstdC5XVvO4otGkuA,19
UYEP_G4fYVxasowdgd5Icg,5
UYEP_G4fYVxasowdgd5Icg,1
UYEP_G4fYVxasowdgd5Icg,16
VFvCFOYtyK9ae4Skxvf3vA,59
VFvCFOYtyK9ae4Skxvf3vA,29
DXho4NyanHYoI84uev9Omw,5
DXho4NyanHYoI84uev9Omw,6
bdWj8_TgF8cmiWMJC6qpCw,1
bdWj8_TgF8cmiWMJC6qpCw,2
bdWj8_TgF8cmiWMJC6qpCw,3
RusK8fJrhxc9GIB7tk5eng,53
RusK8fJrhxc9GIB7tk5eng,46
RusK8fJrhxc9GIB7tk5eng,3
sbmq8m4zRkMkOkkCL6kGmQ,24
sbmq8m4zRkMkOkkCL6kGmQ,69
sbmq8m4zRkMkOkkCL6kGmQ,18
QRusfDGq8gFQiubg0ZcahQ,29
QRusfDGq8gFQiubg0ZcahQ,15
lzHADoUsPvC9XCzjUX6WJA,12
lzHADoUsPvC9XCzjUX6WJA,1
lzHADoUsPvC9XCzjUX6WJA,55
v_1d4aNN7bjiQ7aF3S0hgA,73
v_1d4aNN7bjiQ7aF3S0hgA,29
v_1d4aNN7bjiQ7aF3S0hgA,24
TqDtTxBTd7a1mrJWSS2cNA,74
XoBvgETT2RYIhQ_DQgLjsg,58
XoBvgETT2RYIhQ_DQgLjsg,4
g2BZOLMwHViRf9hsQfKm_w,7
Rr7rhulFCpGvO341g-EWVg,1
XNvkDjM6rMnSfzubT32brQ,1
XNvkDjM6rMnSfzubT32brQ,2
XNvkDjM6rMnSfzubT32brQ,3
nV4Fso9lyZJ2W_DBYL7agw,34
nV4Fso9lyZJ2W_DBYL7agw,28
nV4Fso9lyZJ2W_DBYL7agw,24
ZzOD1ur-Hd4n4ts58w_OEg,5
ZzOD1ur-Hd4n4ts58w_OEg,75
HL7Kfo9S3eKgJJAEVQ2rbw,7
HL7Kfo9S3eKgJJAEVQ2rbw,16
HL7Kfo9S3eKgJJAEVQ2rbw,62
nqKL5PbJbwwoCK_Xon31kA,12
nqKL5PbJbwwoCK_Xon31kA,4
nqKL5PbJbwwoCK_Xon31kA,31
ThiFjxBkrYNAGNRwGAuJPg,12
ThiFjxBkrYNAGNRwGAuJPg,10
e2fLdVyjH_7KqQ6SoDIM0Q,7
I4TsMod2uKwI1ftm0fd2hQ,6
I4TsMod2uKwI1ftm0fd2hQ,12
1qwxzGRcU1y3tJrsoYQ4Rw,55
1qwxzGRcU1y3tJrsoYQ4Rw,12
1qwxzGRcU1y3tJrsoYQ4Rw,4
WDpPZYEZhf7LLv3PyTeb4Q,5
WDpPZYEZhf7LLv3PyTeb4Q,4
ecqjHw3jeEApa9eZ622hAA,1
ecqjHw3jeEApa9eZ622hAA,6
ecqjHw3jeEApa9eZ622hAA,16
d7YXuKzivK9OvKcPwGTS6w,51
9VGECwLbj29RljD2WVSzaw,29
9VGECwLbj29RljD2WVSzaw,76
9VGECwLbj29RljD2WVSzaw,15
ZIDpQv9y5UWTSE-01hOfVQ,22
_LUnyOwSpo8N5783rceT5Q,77
_LUnyOwSpo8N5783rceT5Q,32
_LUnyOwSpo8N5783rceT5Q,22
-8gJZM4xsFaFhHMjHugZcg,10
-8gJZM4xsFaFhHMjHugZcg,1
gvslXIfVWkVu12MjgdlZJg,49
gvslXIfVWkVu12MjgdlZJg,50
RC7s9vg0L3hL4LTZQhlpeg,20
RC7s9vg0L3hL4LTZQhlpeg,2
WESPiF4WcuAYb_r6N4SqgQ,69
RDZJY7ls8-2hNkkXFIJg4g,4
RDZJY7ls8-2hNkkXFIJg4g,10
m0b79jiAXpcvJXyZlu82UA,12
m0b79jiAXpcvJXyZlu82UA,16
A--_gxXUMp4caZzQlLPLoA,7
A--_gxXUMp4caZzQlLPLoA,1
A--_gxXUMp4caZzQlLPLoA,16
6-N8TPwV8Ug5cFZhGpAJ8w,26
SvMVqEWYJXPOr6vJlRYnrg,15
SvMVqEWYJXPOr6vJlRYnrg,29
SvMVqEWYJXPOr6vJlRYnrg,16
JwJa6nY_wlZEjagVleWQ-Q,29
JwJa6nY_wlZEjagVleWQ-Q,78
kOqVXdqRzWIEK7XiQWxmJQ,4
kOqVXdqRzWIEK7XiQWxmJQ,5
OFHWBXs5-UyEYf0-MrFDUw,1
OFHWBXs5-UyEYf0-MrFDUw,10
OFHWBXs5-UyEYf0-MrFDUw,31
bf-V94Y6ABoHz6SX7-N1_A,21
bf-V94Y6ABoHz6SX7-N1_A,22
T6cTsRXJ8Yze9DM8L--svA,28
q5dHr7QnzUooZ2vSUHyVvg,12
q5dHr7QnzUooZ2vSUHyVvg,11
j4GcfVzq1BCXGoPtNGOtgg,79
j4GcfVzq1BCXGoPtNGOtgg,80
j4GcfVzq1BCXGoPtNGOtgg,11
RP1OpQlFHvvrvZbLN9kxBw,12
3Ij5-sg_-N7Gdbx9SOnq7A,5
3Ij5-sg_-N7Gdbx9SOnq7A,29
3Ij5-sg_-N7Gdbx9SOnq7A,13
hAIGEvUXroF7oswXCD6yww,21
hAIGEvUXroF7oswXCD6yww,45
hAIGEvUXroF7oswXCD6yww,31
54Flq7X4Ugfj02_IzIoIKw,12
5LEP8Rcb4_To8amoZodtow,10
5LEP8Rcb4_To8amoZodtow,81
5LEP8Rcb4_To8amoZodtow,58
rU0hKHmjQHX63ymqF7-9TQ,16
rU0hKHmjQHX63ymqF7-9TQ,19
smiGOZuyboXfc8LyC2jXpg,29
smiGOZuyboXfc8LyC2jXpg,4
smiGOZuyboXfc8LyC2jXpg,15
h1ESQaA5FvWju1Ru-2xPXQ,69
h1ESQaA5FvWju1Ru-2xPXQ,82
h1ESQaA5FvWju1Ru-2xPXQ,83
rpIRK9g0uM7Mao5jB39m3w,47
rpIRK9g0uM7Mao5jB39m3w,84
rpIRK9g0uM7Mao5jB39m3w,26
AfmXvQWK7WtQGqQ7dbAKyw,55
AfmXvQWK7WtQGqQ7dbAKyw,12
SP97o6xotOT4fATH9HDsmQ,22
SP97o6xotOT4fATH9HDsmQ,28
SP97o6xotOT4fATH9HDsmQ,24
0sZ7ObzXZ5KM82g7Q7awqA,5
0sZ7ObzXZ5KM82g7Q7awqA,85
EbUZhM4fLpsWQ8fpBhhgEQ,3
EbUZhM4fLpsWQ8fpBhhgEQ,6
VDSQSf6GgRk0Q9eZp1q1Gw,86
VDSQSf6GgRk0Q9eZp1q1Gw,26
VDSQSf6GgRk0Q9eZp1q1Gw,35
wxe0Hxxhv4FQtI8EvrgReA,4
wxe0Hxxhv4FQtI8EvrgReA,29
wxe0Hxxhv4FQtI8EvrgReA,6
sV538upjEMiKNVFZBS5zMQ,87
sV538upjEMiKNVFZBS5zMQ,16
CWqL2TEq_V9tipCj-X-GoQ,5
CWqL2TEq_V9tipCj-X-GoQ,76
J3Xb6uihPkZOKe4wNmYGFQ,12
MgAG54IJeQvT3BQoSNwWBw,27
MgAG54IJeQvT3BQoSNwWBw,28
JbUjGjc_K_Od9s3ysv142g,30
JbUjGjc_K_Od9s3ysv142g,1
356f-TbYJYN-shut-F1r_w,7
356f-TbYJYN-shut-F1r_w,88
zgmz9izYaUlnU-Acx9L8UQ,12
l6Ye6vPB6ZPZbxVxMMgvPQ,16
l6Ye6vPB6ZPZbxVxMMgvPQ,5
25jq12iDKjHzyTFGHXtlFQ,89
DkhLETFI7Z49Kbsa6E1icA,22
DkhLETFI7Z49Kbsa6E1icA,16
RtY75rfzEP19n9Ou4DSEHQ,64
6cGcl4ZDDxDtfxyc6PKFPQ,5
6cGcl4ZDDxDtfxyc6PKFPQ,32
ZAV8c9iGKV8zWHxOpTxdYQ,1
ZAV8c9iGKV8zWHxOpTxdYQ,4
w2F5N4h26hOrz2KoxThomw,90
w2F5N4h26hOrz2KoxThomw,3
NEyVq3SIgEQrHiGYzh2O8A,55
NEyVq3SIgEQrHiGYzh2O8A,91
NEyVq3SIgEQrHiGYzh2O8A,12
W1kaR_hXKbvaK1bDRhMcZA,51
vmKoJXSimRhwPnpePBJGXA,12
vmKoJXSimRhwPnpePBJGXA,11
s04-wSKxALS4Xym6OEryyA,5
rcn3L8ZeQebdG0K1RSRKXQ,37
rcn3L8ZeQebdG0K1RSRKXQ,5
rcn3L8ZeQebdG0K1RSRKXQ,15
biYgFkftCPue7g3upflUOg,26
biYgFkftCPue7g3upflUOg,16
MnA_dF1xkX-bnLR6hq4EmQ,27
MnA_dF1xkX-bnLR6hq4EmQ,28
9RH1xBIMMAZXg9s_XW_sLg,12
ErVhEB-tMXLx76pcSVdksw,62
ErVhEB-tMXLx76pcSVdksw,5
fmw_0vST7GjdibObHWLOuQ,37
fmw_0vST7GjdibObHWLOuQ,5
QSHnlS5PEIjtx04S3VmvFw,92
QSHnlS5PEIjtx04S3VmvFw,12
QSHnlS5PEIjtx04S3VmvFw,55
THeSIOFvgOMoq7_iXQxFCw,4
THeSIOFvgOMoq7_iXQxFCw,5
THeSIOFvgOMoq7_iXQxFCw,1
JEbgVwRUsQ3arKPhGXQj7Q,1
JEbgVwRUsQ3arKPhGXQj7Q,5
JEbgVwRUsQ3arKPhGXQj7Q,4
6MdhcAPGDMMU0cCkaIEoNw,1
6MdhcAPGDMMU0cCkaIEoNw,38
ckjbAB-tQ3_QEQmHSytZ6Q,29
ckjbAB-tQ3_QEQmHSytZ6Q,32
Uh-vmfKAZAhSeauShT0UEQ,5
Uh-vmfKAZAhSeauShT0UEQ,11
ysxXehAKCjN137hnfpn6yA,12
ysxXehAKCjN137hnfpn6yA,11
xsdJ_ZYzpI-5pMcZ49M0og,1
xsdJ_ZYzpI-5pMcZ49M0og,29
eFA7z513ckKzfGPROQv0Ww,5
r2CqNYEZyVT3Ay9DRYeF9w,29
r2CqNYEZyVT3Ay9DRYeF9w,76
WYnXpXym2DMtwchDcbilmg,55
WYnXpXym2DMtwchDcbilmg,29
WYnXpXym2DMtwchDcbilmg,4
9XovFXshYZEqA-4v2mzh6g,76
9XovFXshYZEqA-4v2mzh6g,93
9XovFXshYZEqA-4v2mzh6g,94
ElOE7WzFMX8aMS_hkqtX_w,12
ElOE7WzFMX8aMS_hkqtX_w,19
ElOE7WzFMX8aMS_hkqtX_w,16
loRoCo53b30zgHZ_mIMatQ,5
loRoCo53b30zgHZ_mIMatQ,4
bpuQzgbzKohXD8MuE6ZCaw,5
bpuQzgbzKohXD8MuE6ZCaw,6
bpuQzgbzKohXD8MuE6ZCaw,4
vy-jx5LVTbQDEXb07wC13g,11
vy-jx5LVTbQDEXb07wC13g,19
dXPmYs9b3xyv9Zqa0z8adA,25
dXPmYs9b3xyv9Zqa0z8adA,11
dXPmYs9b3xyv9Zqa0z8adA,6
LtJVSLSocrP2BK8YOl7bJQ,12
R7peDyHzKTGilwo_1fjt3g,4
R7peDyHzKTGilwo_1fjt3g,29
R7peDyHzKTGilwo_1fjt3g,55
UHSgwkHN_4IxeHa3pcb5Pg,12
UHSgwkHN_4IxeHa3pcb5Pg,13
UHSgwkHN_4IxeHa3pcb5Pg,55
adwsprhs0CgZNCQ1FRfYQg,21
adwsprhs0CgZNCQ1FRfYQg,22
adwsprhs0CgZNCQ1FRfYQg,24
BV_WDHq9SLi6enVuH3kgbQ,12
sYhfhua7GWiGLQkIUP_TWQ,5
sYhfhua7GWiGLQkIUP_TWQ,16
fdYXcuxCtWY5XFpiCd3Fkw,29
fdYXcuxCtWY5XFpiCd3Fkw,15
tW09hLpf18PYJxNAvNoCqA,12
tW09hLpf18PYJxNAvNoCqA,55
SW55xXzBd0EdZ1fWLTI1lQ,31
SW55xXzBd0EdZ1fWLTI1lQ,29
SW55xXzBd0EdZ1fWLTI1lQ,95
Ug6ngfzLT_cPzSttve1OzQ,5
Ug6ngfzLT_cPzSttve1OzQ,11
2v0-gBcXethuNFT6rMGiRw,93
2v0-gBcXethuNFT6rMGiRw,96
2v0-gBcXethuNFT6rMGiRw,76
gW0JPz641jd-zRuyI6k5jg,22
gW0JPz641jd-zRuyI6k5jg,21
gW0JPz641jd-zRuyI6k5jg,52
X05LWeDT93dhQkDyCG8IeA,11
X05LWeDT93dhQkDyCG8IeA,5
X05LWeDT93dhQkDyCG8IeA,97
gOjh7RMDZDn4h-QmwnAseA,5
gOjh7RMDZDn4h-QmwnAseA,11
gOjh7RMDZDn4h-QmwnAseA,6
r28bxKFNTRKaXYcemS8KNw,5
91aDQQV8_OdFC6WIHq4gng,12
91aDQQV8_OdFC6WIHq4gng,11
7OeeR33JLLrHEj9qD97f8g,55
7OeeR33JLLrHEj9qD97f8g,12
7OeeR33JLLrHEj9qD97f8g,46
jGennaZUr2MsJyRhijNBfA,1
jGennaZUr2MsJyRhijNBfA,46
jGennaZUr2MsJyRhijNBfA,3
bin8WnikToct6C77oHBJCg,21
vRlGCME1KCFPQc_hW2AVlA,4
vRlGCME1KCFPQc_hW2AVlA,98
vRlGCME1KCFPQc_hW2AVlA,18
4jkGZhbMPUg3Talazishtg,12
lmw47uw9BcfPwmXxKKZPRw,1
lmw47uw9BcfPwmXxKKZPRw,12
QI4bVuFLwx_gArFCruDa9Q,63
QI4bVuFLwx_gArFCruDa9Q,62
QI4bVuFLwx_gArFCruDa9Q,1
ndO6w5EoVZI1-e_Adl-ltw,12
ndO6w5EoVZI1-e_Adl-ltw,55
3K13iIrTbHmV-qpvz8C7Ew,29
3K13iIrTbHmV-qpvz8C7Ew,10
3K13iIrTbHmV-qpvz8C7Ew,16
L3Vp0LhPn1DMKtGillUvgQ,12
L3Vp0LhPn1DMKtGillUvgQ,1
M0Z57IL0dlzpU6QCez0wGA,6
M0Z57IL0dlzpU6QCez0wGA,5
0goWTmfdgwOe6b-pPPp3Gg,12
ck8Id2EaJ20Alj0N8UMvBQ,19
ck8Id2EaJ20Alj0N8UMvBQ,17
ck8Id2EaJ20Alj0N8UMvBQ,11
kxSce-ipaV5GwiN8Ntq2rg,29
kxSce-ipaV5GwiN8Ntq2rg,69
SeCCwykRJ7Y7S5Qok4px2w,4
SeCCwykRJ7Y7S5Qok4px2w,5
SeCCwykRJ7Y7S5Qok4px2w,1
zEel4VKJtybhJurBaHbsuw,4
zEel4VKJtybhJurBaHbsuw,5
zEel4VKJtybhJurBaHbsuw,6
tWqcy3Q7GP73IoRGN2NP1Q,67
tWqcy3Q7GP73IoRGN2NP1Q,10
BOzdu1Rv8ootQpnSBdhrng,54
BOzdu1Rv8ootQpnSBdhrng,9
BOzdu1Rv8ootQpnSBdhrng,24
tFjWlJCDpANBRAPSMc5Cew,4
tFjWlJCDpANBRAPSMc5Cew,25
Aa_mYBOlhNaqKPO95ml1wQ,9
bgV_tFbmVDKBxZni2my7XA,7
bgV_tFbmVDKBxZni2my7XA,99
bgV_tFbmVDKBxZni2my7XA,1
VjU5s6LPOksItZRUDT-g0Q,94
VjU5s6LPOksItZRUDT-g0Q,29
VjU5s6LPOksItZRUDT-g0Q,96
sRNcBkZrs2bOrijfElHVyQ,6
sRNcBkZrs2bOrijfElHVyQ,5
sRNcBkZrs2bOrijfElHVyQ,3
hQIiMw81yKjGh3AkZG70lg,12
ru2PbckR1YiXNggUVL_kEw,25
ru2PbckR1YiXNggUVL_kEw,16
VrlJifUE36-U_OaiipGexA,20
PMnU-trprMtR9p3V_9uXLw,49
PMnU-trprMtR9p3V_9uXLw,16
kM6nMBQYaJlaDK2xorBV1A,68
kM6nMBQYaJlaDK2xorBV1A,1
K676uk86gZfTBbXw9TvbMw,5
K676uk86gZfTBbXw9TvbMw,16
K676uk86gZfTBbXw9TvbMw,100
8Hs6GKIaGoLLnY74leyNLQ,20
8Hs6GKIaGoLLnY74leyNLQ,4
8Hs6GKIaGoLLnY74leyNLQ,101
Hc9l2eLAGTB4lZJI3vRoPw,15
Hc9l2eLAGTB4lZJI3vRoPw,102
Hc9l2eLAGTB4lZJI3vRoPw,103
_VEQpntwiMLUbNPLvxvwzA,10
_VEQpntwiMLUbNPLvxvwzA,1
_VEQpntwiMLUbNPLvxvwzA,11
VEmNgxY90VOc5HNprOiXlw,1
VEmNgxY90VOc5HNprOiXlw,10
VEmNgxY90VOc5HNprOiXlw,37
imBg1-qcZ9Wwvw8KsQBcUg,59
imBg1-qcZ9Wwvw8KsQBcUg,29
D2pEDsQBUO5GIgyT8oKUxg,104
D2pEDsQBUO5GIgyT8oKUxg,84
D2pEDsQBUO5GIgyT8oKUxg,4
zvKfCAOBzVcxc1HLpoIY8A,12
zvKfCAOBzVcxc1HLpoIY8A,55
bNZ3-0rse12NKdSVqQ30xw,55
bNZ3-0rse12NKdSVqQ30xw,12
bNZ3-0rse12NKdSVqQ30xw,4
jMpPwZe83RpuTPC7yxDS3Q,10
jMpPwZe83RpuTPC7yxDS3Q,1
AG1ETqbneinRRJUeA8PfSA,11
AG1ETqbneinRRJUeA8PfSA,10
AG1ETqbneinRRJUeA8PfSA,1
acRkrnOMeIiJSdbIBqDJvQ,24
acRkrnOMeIiJSdbIBqDJvQ,28
acRkrnOMeIiJSdbIBqDJvQ,105
5pkmP0W8Fh-A3jnUJHOX-w,53
5pkmP0W8Fh-A3jnUJHOX-w,46
5pkmP0W8Fh-A3jnUJHOX-w,2
5-yfhwOIkUhvDE_O9E0EjQ,12
5-yfhwOIkUhvDE_O9E0EjQ,4
3hpazxRWcs2o1H99fp-BNw,56
3hpazxRWcs2o1H99fp-BNw,29
6m6CD-tzWV0lsYi89tPTKQ,7
dz2OSto01aMIWkGHXd8lOg,106
dz2OSto01aMIWkGHXd8lOg,29
dz2OSto01aMIWkGHXd8lOg,16
UgAVU0n3ysKBVoNWp4OHcg,34
UgAVU0n3ysKBVoNWp4OHcg,51
oBEI6c3hWNUMIRP5oh8Ptw,21
oBEI6c3hWNUMIRP5oh8Ptw,9
yHuV7fdSJT96ChiWpDrU-Q,5
7bq2nCYCPuvI5o2GCFRAeg,29
7bq2nCYCPuvI5o2GCFRAeg,107
dzYTNSUTt81QsJOd29hwGQ,5
RoG1l00HKkbtFfkQM0YSyw,54
IvvgLWS3J6qR4dhYMlDOPA,78
IvvgLWS3J6qR4dhYMlDOPA,5
tDPO_D0tjoWUOzqgRUcDkA,28
tDPO_D0tjoWUOzqgRUcDkA,52
-YDSIWRnTYhLVrAlIHIGXQ,1
O4YoPGlWaGGnBE-5EHUweg,86
O4YoPGlWaGGnBE-5EHUweg,108
FioFvBhgVPV2dZW3mxjxQQ,5
FioFvBhgVPV2dZW3mxjxQQ,78
AHgRWXw3IMe5WHktt3f6Xg,22
AHgRWXw3IMe5WHktt3f6Xg,21
AHgRWXw3IMe5WHktt3f6Xg,24
tkWC-xzuv41qNFDBBj67Pg,49
tkWC-xzuv41qNFDBBj67Pg,109
tkWC-xzuv41qNFDBBj67Pg,50
SNJhevBiD7xFvxiEJywMxw,29
SNJhevBiD7xFvxiEJywMxw,59
SNJhevBiD7xFvxiEJywMxw,73
WlsDN2Gh3_04c-FnWjzw7g,4
WlsDN2Gh3_04c-FnWjzw7g,5
WlsDN2Gh3_04c-FnWjzw7g,1
pNgDJTvALiSQvE6gK4b9MQ,22
pNgDJTvALiSQvE6gK4b9MQ,21
RF2YhEH__pDNKAhMwZmCUA,5
RF2YhEH__pDNKAhMwZmCUA,4
AOiNvHQUa5tAJN7Xt4176A,70
AOiNvHQUa5tAJN7Xt4176A,21
AOiNvHQUa5tAJN7Xt4176A,16
D37JiBDWxz130VOHIjQhxA,4
D37JiBDWxz130VOHIjQhxA,29
63q10aw-6XREzuRadM3_HA,110
63q10aw-6XREzuRadM3_HA,28
63q10aw-6XREzuRadM3_HA,9
boK3cyDPLmwNUV97doMCNA,12
CAfckfjLcWHOaDRcQNInZQ,111
CAfckfjLcWHOaDRcQNInZQ,112
MUA4S74hYjUGVtDNf8tj6w,29
MUA4S74hYjUGVtDNf8tj6w,69
MUA4S74hYjUGVtDNf8tj6w,59
lE9lGJMmsjwW8XgPOV-Wlw,26
Uo6zk1gFwaw21YZ2gqlZCw,26
j7CMOTyf3WHs8hmbpqiL4A,12
zMpWhHh6Cp1BkFRM8cbPhA,5
2XoPo7BcS4AQQAnsYp5Jhg,12
2XoPo7BcS4AQQAnsYp5Jhg,5
DZm67Anqn1IQTB9iGvw4Fw,29
Go8U9oJd4CfpO1ik4Z8iKA,37
Go8U9oJd4CfpO1ik4Z8iKA,29
Go8U9oJd4CfpO1ik4Z8iKA,96
EYMC8NHn6U-4WpLo54dQtw,12
EYMC8NHn6U-4WpLo54dQtw,4
EYMC8NHn6U-4WpLo54dQtw,46
DZnhcxnSys_emI7ZHd5jYg,4
DZnhcxnSys_emI7ZHd5jYg,5
58cDJU4cub1o0o0B4h9GrA,5
58cDJU4cub1o0o0B4h9GrA,25
58cDJU4cub1o0o0B4h9GrA,4
a3p77nnJtZvJSLiLZRf1FA,111
a3p77nnJtZvJSLiLZRf1FA,33
a3p77nnJtZvJSLiLZRf1FA,35
toy4tLf2J6-ti6JEwNrKZw,24
toy4tLf2J6-ti6JEwNrKZw,52
Qjr-YJ4Rx70XxHI4kTcVjA,15
Qjr-YJ4Rx70XxHI4kTcVjA,29
nfZLdMmcqPbmSooutrc9yQ,5
nfZLdMmcqPbmSooutrc9yQ,113
nfZLdMmcqPbmSooutrc9yQ,4
-gbgBe9mxp7uFIUjrc1yxQ,15
-gbgBe9mxp7uFIUjrc1yxQ,43
-gbgBe9mxp7uFIUjrc1yxQ,32
S-pe37YbUo7Sxx4lqgkpBQ,28
yJZkJr3Bb5XqqoRDa22o5A,4
yJZkJr3Bb5XqqoRDa22o5A,29
yJZkJr3Bb5XqqoRDa22o5A,5
8ul72NtKAPwvPfgMxnQ1SQ,62
8ul72NtKAPwvPfgMxnQ1SQ,63
5hrehyvoVbyO_dJ2iQoRkA,5
h7ENzK5Vp6f1j6iU-U3g4w,55
h7ENzK5Vp6f1j6iU-U3g4w,16
h7ENzK5Vp6f1j6iU-U3g4w,15
25sny_QPRSFNxCPqu1oRqw,5
25sny_QPRSFNxCPqu1oRqw,6
25sny_QPRSFNxCPqu1oRqw,4
BBblBHBnjpepOP1Q1kfi1A,54
g3OJi94JTYhIoEwqNfhI8g,28
JdVlUaXM9aZQ68tjgonszw,12
JdVlUaXM9aZQ68tjgonszw,11
MWI3zR7RperRH8CZKIU7Sw,5
5KHaTbBgPPvnfK8VNoMEgw,4
5KHaTbBgPPvnfK8VNoMEgw,5
-bC1fMN5kQgFruzUR8E_RA,29
-bC1fMN5kQgFruzUR8E_RA,78
XdksV-gUjkNoAAkdWsrXPA,7
c81oaaBKc7XJmoHGCudSOg,4
c81oaaBKc7XJmoHGCudSOg,29
n6iTeADfaVagZjsoZZ631A,76
n6iTeADfaVagZjsoZZ631A,93
n6iTeADfaVagZjsoZZ631A,15
n_L84L3OrtR43x8ewYHTHw,28
-5gWvrcKOPmhlcZju3tpbw,108
-5gWvrcKOPmhlcZju3tpbw,113
-5gWvrcKOPmhlcZju3tpbw,3
rK-fgI2_-x0T4lxwF9L4Ww,76
rK-fgI2_-x0T4lxwF9L4Ww,29
rK-fgI2_-x0T4lxwF9L4Ww,114
YvjAuYJyW7HZ1r7FGk1y3g,6
YvjAuYJyW7HZ1r7FGk1y3g,3
YvjAuYJyW7HZ1r7FGk1y3g,113
q57nAhieOJtH1wsXhci0Nw,55
q57nAhieOJtH1wsXhci0Nw,59
q57nAhieOJtH1wsXhci0Nw,16
uMZoY7AyG08rnN-YiQN7fA,29
uMZoY7AyG08rnN-YiQN7fA,94
XW3NB-c3pA0vsmsXAn2rkw,20
XW3NB-c3pA0vsmsXAn2rkw,24
XW3NB-c3pA0vsmsXAn2rkw,7
Mgkv-Kr_tcANDPYnV4PqQw,12
Mgkv-Kr_tcANDPYnV4PqQw,26
Mgkv-Kr_tcANDPYnV4PqQw,115
mTyK9-_6CYY6XYAG56c68Q,29
mTyK9-_6CYY6XYAG56c68Q,16
UIELOyfVuKrW8rdTOWQa7g,12
UIELOyfVuKrW8rdTOWQa7g,4
qVzbcusjDRMKCVFG-7zIyA,55
qVzbcusjDRMKCVFG-7zIyA,12
qVzbcusjDRMKCVFG-7zIyA,46
FYgNCaNNS8-75rYdq7YvhQ,20
FYgNCaNNS8-75rYdq7YvhQ,4
FYgNCaNNS8-75rYdq7YvhQ,21
pHIfIJiANQNDO_JxQKnorw,5
pHIfIJiANQNDO_JxQKnorw,4
pHIfIJiANQNDO_JxQKnorw,116
mmJ2ixPN8NIkEEIM4oHd8g,78
mmJ2ixPN8NIkEEIM4oHd8g,29
mmJ2ixPN8NIkEEIM4oHd8g,117
_1r8W-j_3WwJyRRIQR86Jw,1
_1r8W-j_3WwJyRRIQR86Jw,4
DkuCJwpeiGhW41EEcOKweg,5
DkuCJwpeiGhW41EEcOKweg,37
SH4c_oijp86ooTJmLvx6SQ,9
PBt_sana68L9ZjgQzeJ7zw,12
PBt_sana68L9ZjgQzeJ7zw,11
eTTnOUoAhbv65vcApwhTgQ,4
eTTnOUoAhbv65vcApwhTgQ,5
6GnCv4YXEvirUy7ZQnyYoQ,62
6GnCv4YXEvirUy7ZQnyYoQ,6
6GnCv4YXEvirUy7ZQnyYoQ,19
sNktEDPAdkKdYTunm7iJRQ,118
sNktEDPAdkKdYTunm7iJRQ,62
EpNo7oP_ZGI4vfLMqmtfOg,20
uUMnZINNYCvgdX7jla4PLA,78
uUMnZINNYCvgdX7jla4PLA,29
l3WhYJjciKbA8_oxiaUu3Q,119
xHRsdh_9UlVetHMtRXL4sQ,20
xHRsdh_9UlVetHMtRXL4sQ,22
xHRsdh_9UlVetHMtRXL4sQ,50
O514WuYF2bGk9K1UIdndvg,5
6O9YOWwi0a2pvn_ZoeiDlw,51
6O9YOWwi0a2pvn_ZoeiDlw,42
lzJ2QFiScrLJkGsjzXjXxQ,103
lzJ2QFiScrLJkGsjzXjXxQ,15
lzJ2QFiScrLJkGsjzXjXxQ,77
-iOW4FIS61TbvsWH-vmhEQ,104
gkCSVmq6Mx8Z04KzkrHzCA,1
gkCSVmq6Mx8Z04KzkrHzCA,26
gkCSVmq6Mx8Z04KzkrHzCA,16
ZfGuMUhFbSBx0yAKc0GPIA,11
ZfGuMUhFbSBx0yAKc0GPIA,25
zZ7roMv_c8R4slTMPPdkng,4
zZ7roMv_c8R4slTMPPdkng,29
NavcwCHgBmBjoKCXHt8JDg,33
nmSiYGAo8YA4oCXjAAgY5g,4
nmSiYGAo8YA4oCXjAAgY5g,5
C7FKNwSUlbUinT9cRSLXHA,19
C7FKNwSUlbUinT9cRSLXHA,11
C7FKNwSUlbUinT9cRSLXHA,16
DvHULVGFrf-IqkNkP3q8DA,29
DvHULVGFrf-IqkNkP3q8DA,1
DvHULVGFrf-IqkNkP3q8DA,6
nlnWODemnfzut10tzC5x3A,4
nlnWODemnfzut10tzC5x3A,5
00auKm-dnzG62uRQahOUhg,120
00auKm-dnzG62uRQahOUhg,121
Hz_fXkcR85-6EQfkOKV5IQ,15
Hz_fXkcR85-6EQfkOKV5IQ,102
Hz_fXkcR85-6EQfkOKV5IQ,77
mCX9XzBLB1y5_OrFASv1mA,22
mCX9XzBLB1y5_OrFASv1mA,52
BWd6NAPqPpmDhy6EQXeECA,15
BWd6NAPqPpmDhy6EQXeECA,29
BWd6NAPqPpmDhy6EQXeECA,77
xQ1ZtOzzZXxKYvE3DNX_zg,30
xQ1ZtOzzZXxKYvE3DNX_zg,113
xQ1ZtOzzZXxKYvE3DNX_zg,6
kAFRR5tmi3RI8-XfLpNi5Q,1
kAFRR5tmi3RI8-XfLpNi5Q,6
kAFRR5tmi3RI8-XfLpNi5Q,4
vQNe7TD_QDpGtGbkaAqi8Q,12
vQNe7TD_QDpGtGbkaAqi8Q,11
vQNe7TD_QDpGtGbkaAqi8Q,49
WkjIWu8rIpAAUhnqsuik9w,5
WR6RXp1I9QmO7-21lsqD8g,6
WR6RXp1I9QmO7-21lsqD8g,4
WR6RXp1I9QmO7-21lsqD8g,5
8I275yw-PcoFgiXROgdFMA,31
8I275yw-PcoFgiXROgdFMA,11
8I275yw-PcoFgiXROgdFMA,5
Cnmw5H0jwJI6mJb5xDDQtA,78
Cnmw5H0jwJI6mJb5xDDQtA,29
OuMpFhlw-2lpeMK3o5RI2g,12
OuMpFhlw-2lpeMK3o5RI2g,1
gwiBd_RCD2Hcd3_ESjyMbA,12
gwiBd_RCD2Hcd3_ESjyMbA,32
gwiBd_RCD2Hcd3_ESjyMbA,11
25DUwcQq4ywNMivBjig2Rg,12
25DUwcQq4ywNMivBjig2Rg,11
25DUwcQq4ywNMivBjig2Rg,31
yHLNNseBMmHiWI1EtjZFaw,29
yHLNNseBMmHiWI1EtjZFaw,58
yHLNNseBMmHiWI1EtjZFaw,10
VGU8Cy97So-jQCtWLKO6bA,49
VGU8Cy97So-jQCtWLKO6bA,96
VGU8Cy97So-jQCtWLKO6bA,4
CkmykRQcSfIsbb62F4NQoQ,12
CkmykRQcSfIsbb62F4NQoQ,4
-I4bxb04YkCSNCbFWto7Gw,17
-I4bxb04YkCSNCbFWto7Gw,18
-I4bxb04YkCSNCbFWto7Gw,56
kiEx6SbKY69fgDF-KVpEWA,12
oDoacShrKZFDO-X4NrhKUg,50
oDoacShrKZFDO-X4NrhKUg,49
oDoacShrKZFDO-X4NrhKUg,4
wdKi_CGVXIgdah5kaUsZKA,12
3SFk3-fboi1U9PFEDs1o3Q,5
3SFk3-fboi1U9PFEDs1o3Q,16
3SFk3-fboi1U9PFEDs1o3Q,6
6cE6ZKMM9QXEQIuxH_5R1w,12
6cE6ZKMM9QXEQIuxH_5R1w,4
6cE6ZKMM9QXEQIuxH_5R1w,19
8I2CBbVJnWS8w8OfkexE8g,4
8I2CBbVJnWS8w8OfkexE8g,29
f-N5U20A9DjW3Dpwgg51yg,1
ROKUGsp9ABxYpbH8v1PgQQ,20
jy1h7IhXrp6KVvgM2Z0law,47
n4w8EfGk828qQehX9JSehQ,71
n4w8EfGk828qQehX9JSehQ,14
n4w8EfGk828qQehX9JSehQ,122
PNuPnJSwGBaqvD3fUKo4Ow,5
PNuPnJSwGBaqvD3fUKo4Ow,10
PNuPnJSwGBaqvD3fUKo4Ow,16
a3EPYlpY5fO4f4yuvZzVDw,12
L9S4WSPE3r1Bg9KgIlTqpA,111
lad_3DljDhzE61u_GbseTA,29
lad_3DljDhzE61u_GbseTA,6
mNjI-BGs-FMaZCdwgP_8uA,51
Hnx34LxtfW4XV0gZ18zMBg,12
Hnx34LxtfW4XV0gZ18zMBg,11
Hnx34LxtfW4XV0gZ18zMBg,1
_A6fj7b4qwnmcEEOYOu5vw,50
_A6fj7b4qwnmcEEOYOu5vw,123
UGJpzdTghcvMekA1ML0-kA,124
UGJpzdTghcvMekA1ML0-kA,37
UGJpzdTghcvMekA1ML0-kA,26
QULve82crMjaNkgfqfjl2Q,4
QULve82crMjaNkgfqfjl2Q,125
QULve82crMjaNkgfqfjl2Q,6
ujd0cTTtfsbC5NQ3-BB0XQ,10
ujd0cTTtfsbC5NQ3-BB0XQ,1
v95Rm0Lu9Y_w3iRd-YDskg,126
7dzyLlNQXwuPsmvquuaVIA,84
7dzyLlNQXwuPsmvquuaVIA,111
7dzyLlNQXwuPsmvquuaVIA,28
vYhVfEIyRyjN4jj-N_7iYg,24
trHvcsE3xRS8YcbrDrnSmg,25
trHvcsE3xRS8YcbrDrnSmg,11
trHvcsE3xRS8YcbrDrnSmg,125
-oun-dnrRXlaE0c3p0angw,34
-oun-dnrRXlaE0c3p0angw,28
-oun-dnrRXlaE0c3p0angw,24
63DvXSks1tHIDajOGvwnRQ,113
63DvXSks1tHIDajOGvwnRQ,12
d6lZvLNxebUYJUA8_3M3ZA,7
mTDUvqfqg72hndZbjbApAw,38
mTDUvqfqg72hndZbjbApAw,1
znkU8_QJ4Dksd8XUVjXBcg,101
qpDzEwTAYPUityT2I4BpfA,17
qpDzEwTAYPUityT2I4BpfA,18
qpDzEwTAYPUityT2I4BpfA,16
nBG0C0J7bnBnUMB39F5O-A,12
nBG0C0J7bnBnUMB39F5O-A,11
ZiUZYZhbmJ9yzdGsiU2KxQ,4
ZiUZYZhbmJ9yzdGsiU2KxQ,12
nzyu4lcjIOH_zPMlaPbmrw,28
nzyu4lcjIOH_zPMlaPbmrw,127
nzyu4lcjIOH_zPMlaPbmrw,34
iczbR_n2umpkpkGk0d4ukg,65
CoZmZKv2lCYd-UoAsAUobA,119
CoZmZKv2lCYd-UoAsAUobA,120
CoZmZKv2lCYd-UoAsAUobA,128
RssuQyiu4wUDPi3Qv5sayA,55
RssuQyiu4wUDPi3Qv5sayA,26
QeHA9K8uks9XGBxJeKzFCA,29
QeHA9K8uks9XGBxJeKzFCA,73
QeHA9K8uks9XGBxJeKzFCA,59
glluqf9RsBrWJrQp3MjHLA,26
4YFSmyN_VjGjL9YieHmwBw,54
2yWNJ7CMBs22tlZLZAmLDQ,65
WSrBt8DkKbAIZQnT92v8Ag,5
K5hoBpUEYgwMPHtHwRDTeg,15
K5hoBpUEYgwMPHtHwRDTeg,29
G9dhca2szCof59SaODfhMA,7
mJ6wNXXsc5ettMVhrLMv-Q,6
mJ6wNXXsc5ettMVhrLMv-Q,25
mJ6wNXXsc5ettMVhrLMv-Q,3
HCHxbmFDip0E51onVkcnZg,5
HCHxbmFDip0E51onVkcnZg,4
WjnPQa6DYwnOLWA1X3EISg,111
WjnPQa6DYwnOLWA1X3EISg,129
cSvpRCBljhJiE6NFZUwK4w,7
cSvpRCBljhJiE6NFZUwK4w,78
cSvpRCBljhJiE6NFZUwK4w,29
rQ8NMRJfhTTV77gFoVYHyA,124
WFMlEipNxrPYArq4VSaQaw,53
WFMlEipNxrPYArq4VSaQaw,26
WFMlEipNxrPYArq4VSaQaw,29
vsS0M6qbVFaCFKYZA2Iu2g,54
RJfovzPhmdt-pYHnFboM8w,29
RJfovzPhmdt-pYHnFboM8w,59
T-kJzBxAIod85_y-f_0lAg,111
Z9g2Zxf8wSXjgCanPPrnWQ,29
Z9g2Zxf8wSXjgCanPPrnWQ,6
Z9g2Zxf8wSXjgCanPPrnWQ,4
5Rpjx7Q_e9uXd7Q7zEZuUA,63
2v9YUyD5pLQKgf1vLaUB0w,28
2v9YUyD5pLQKgf1vLaUB0w,52
2v9YUyD5pLQKgf1vLaUB0w,2
qBDpPs3Wg7EmUI5XGeUEdA,21
qBDpPs3Wg7EmUI5XGeUEdA,22
3w53096TZI65qMgxhuwc2A,62
3w53096TZI65qMgxhuwc2A,12
3w53096TZI65qMgxhuwc2A,85
Zg90qJF9EvASbqEARi3bZA,7
_0d408AYQPBJ0ywAaFBF3g,5
_0d408AYQPBJ0ywAaFBF3g,59
_0d408AYQPBJ0ywAaFBF3g,30
7li1JnbB_WKidEzJoIKX6Q,4
7li1JnbB_WKidEzJoIKX6Q,1
7li1JnbB_WKidEzJoIKX6Q,29
Z7yoRa82PRkwdUOl6AuCQg,44
m5jCNOs6QG75lkzLhMMryA,12
m5jCNOs6QG75lkzLhMMryA,33
m5jCNOs6QG75lkzLhMMryA,11
y1sfdxrbmE5GKLF29H0NJA,130
y1sfdxrbmE5GKLF29H0NJA,29
7_GG1BHaVobqRcbJOTMClA,26
7_GG1BHaVobqRcbJOTMClA,3
7_GG1BHaVobqRcbJOTMClA,35
2OkM6RT7vqCPuzuP3rvOfA,17
2OkM6RT7vqCPuzuP3rvOfA,118
2OkM6RT7vqCPuzuP3rvOfA,6
DzJumFwRmQKJOiLWHAZA9A,119
DzJumFwRmQKJOiLWHAZA9A,113
gKnkxVBk1Tstu5QnBjk86w,5
gKnkxVBk1Tstu5QnBjk86w,1
gKnkxVBk1Tstu5QnBjk86w,6
pVkvavnqw7t0uPx0udGqDg,12
wt-fwK_Y4WmJ0HBui4EsIQ,12
wt-fwK_Y4WmJ0HBui4EsIQ,11
llMSRtQledMr2T9Qbm9VIQ,26
llMSRtQledMr2T9Qbm9VIQ,47
llMSRtQledMr2T9Qbm9VIQ,124
95isiDlZgT0iw5kYGazR_g,41
95isiDlZgT0iw5kYGazR_g,1
95isiDlZgT0iw5kYGazR_g,46
PtjiKtL7NSLLkeB85DRpaA,102
PtjiKtL7NSLLkeB85DRpaA,15
PtjiKtL7NSLLkeB85DRpaA,77
7kCMcEEKXqItFv5m0-Yj4g,12
7kCMcEEKXqItFv5m0-Yj4g,1
7kCMcEEKXqItFv5m0-Yj4g,4
zqfbHraCjhS5ZOT70Svn1A,9
V-dVahKTe8d5ikGUvgXzzA,29
V-dVahKTe8d5ikGUvgXzzA,6
V-dVahKTe8d5ikGUvgXzzA,16
HUtHbHjyu114ptcilT_M6g,1
IqyqfQFnBsOIReGrcgaYhA,22
IqyqfQFnBsOIReGrcgaYhA,21
QF_XZtqJqyyaUjNop7uS_A,12
QF_XZtqJqyyaUjNop7uS_A,86
OrimhhXNzv0pI9ubf9h0YQ,12
OrimhhXNzv0pI9ubf9h0YQ,55
HJKGDdibWWWVA2yt2O2SOA,7
PLuitJs0KkdjVE8wVlTZ_A,78
PLuitJs0KkdjVE8wVlTZ_A,29
KENZN5yZDjVQtKzwJ5gD6Q,53
KENZN5yZDjVQtKzwJ5gD6Q,26
OxobKchEqJU2BZi6qc0QBA,76
OxobKchEqJU2BZi6qc0QBA,29
kZOD2nRIVxID6gnm-gdw5g,63
HjDEAtnWmxZU5OwQOou2Ow,63
HjDEAtnWmxZU5OwQOou2Ow,62
dy-XO6rRE1cAMMrpMDQRrw,25
dy-XO6rRE1cAMMrpMDQRrw,4
dy-XO6rRE1cAMMrpMDQRrw,5
UUCwFljstkhl2mXQLH_1_g,9
UUCwFljstkhl2mXQLH_1_g,24
JMKCEvltgcmlATRYDE4VLQ,12
JMKCEvltgcmlATRYDE4VLQ,131
XPXDFaXMj38a4I9uz2h5MQ,26
XPXDFaXMj38a4I9uz2h5MQ,108
XPXDFaXMj38a4I9uz2h5MQ,132
XrY1nmgajhBinQmJRZ6wfQ,27
XrY1nmgajhBinQmJRZ6wfQ,28
XrY1nmgajhBinQmJRZ6wfQ,86
X1qssn-paNYHiyjSxZ-VFg,24
X1qssn-paNYHiyjSxZ-VFg,52
NfCytIzEsL0Tt_Sqw6W6Dw,1
6s0fl4nZ3c0eK0ciHy4hWQ,9
NUbx0gCF5jJSBvtW9eEKEA,28
gJWbeL6cDgcPvvZSnxo6cQ,14
gJWbeL6cDgcPvvZSnxo6cQ,46
gJWbeL6cDgcPvvZSnxo6cQ,13
1_bIwtYU3RYuPooHpAIQZg,42
1_bIwtYU3RYuPooHpAIQZg,133
1_bIwtYU3RYuPooHpAIQZg,1
Qfh5uqZMzS5XB-7GXsgUhw,29
Qfh5uqZMzS5XB-7GXsgUhw,59
MWtkAnvwFpB5ZPhniq25XA,12
MWtkAnvwFpB5ZPhniq25XA,134
MWtkAnvwFpB5ZPhniq25XA,1
Y7QU4jhSCs2O3jUlG4vSZg,55
Kke51MpG22tAFmXkJm-sHA,12
a-Q_GrOrCYIUOYBzsp0Y3A,22
a-Q_GrOrCYIUOYBzsp0Y3A,34
jlj0QJsckqmEtfIKZZH9OQ,51
CJ0DuAPIract7wPMWgsXbg,76
CJ0DuAPIract7wPMWgsXbg,15
tmukRbz8JRL2KFrf-LDQUA,108
tmukRbz8JRL2KFrf-LDQUA,86
T5_3LoIuOnilA7Z5sdfGJA,1
T5_3LoIuOnilA7Z5sdfGJA,3
7qEwmzw4ZN3Ja4Lu458_dA,103
7qEwmzw4ZN3Ja4Lu458_dA,23
AnFG7mJS4y65Azox8mSAmw,1
AnFG7mJS4y65Azox8mSAmw,10
op2-8aK7VaNvXG8Yxas35g,1
op2-8aK7VaNvXG8Yxas35g,4
q-GGOicy0n2r3BF4zO4coA,7
Alq-zjJOfiS_0sTxYqm9xg,55
Alq-zjJOfiS_0sTxYqm9xg,3
Alq-zjJOfiS_0sTxYqm9xg,46
oYN2AV5oYv93Z2NevvOKmA,5
oYN2AV5oYv93Z2NevvOKmA,31
KycOwyjGpfuKVyqGsaOFTA,34
KycOwyjGpfuKVyqGsaOFTA,28
bOsi1qC5rkfZ5-JKuP38Bg,55
bOsi1qC5rkfZ5-JKuP38Bg,12
bOsi1qC5rkfZ5-JKuP38Bg,26
Fbl_u6kesXyDObHqXvOzKQ,7
3IRA159ZbwTAEL3WqcZZiA,29
3IRA159ZbwTAEL3WqcZZiA,16
a0O5NuSQpM8hct6_hKFlpA,112
KwL8wWNuUHoplvn8ff97bg,5
KwL8wWNuUHoplvn8ff97bg,1
ppbkpekYrfl95JQcdYO3zQ,9
a2fNkGhYu-o3NCX4k-uSBQ,28
BbnYarlqCZkR5PP-Gqy8oA,20
BbnYarlqCZkR5PP-Gqy8oA,24
BbnYarlqCZkR5PP-Gqy8oA,22
bNKz_3aDb-YX6l4jnslQUA,111
_vCiu6tvTqaHiT67caPBVw,53
_vCiu6tvTqaHiT67caPBVw,46
_vCiu6tvTqaHiT67caPBVw,135
vVF-M6yj3uUljHFZ_WXeiw,21
vVF-M6yj3uUljHFZ_WXeiw,22
vVF-M6yj3uUljHFZ_WXeiw,1
X3ltF7mz6rPCSzRRrZjrPw,36
X3ltF7mz6rPCSzRRrZjrPw,16
RNT9iZrI6Pin-YHdYvZvLA,111
RNT9iZrI6Pin-YHdYvZvLA,136
w6ikRnLVAyNjv_2WJZoY8w,44
w6ikRnLVAyNjv_2WJZoY8w,52
w6ikRnLVAyNjv_2WJZoY8w,50
tEOfQhmSvewl2SO_XzRK3Q,5
f7rqA0KFOoo3QO3_UiOzYw,9
f7rqA0KFOoo3QO3_UiOzYw,28
f7rqA0KFOoo3QO3_UiOzYw,54
PYDzfxSLUCCwQysbOkFSVA,5
PYDzfxSLUCCwQysbOkFSVA,107
PYDzfxSLUCCwQysbOkFSVA,31
sTDAEBOgp6glCPiLHEjdNw,64
sTDAEBOgp6glCPiLHEjdNw,137
G4enu8vxbQk4h_2Cd3TEgA,29
G4enu8vxbQk4h_2Cd3TEgA,138
RBx16Q13I43yUESbTnzEgA,45
RBx16Q13I43yUESbTnzEgA,13
RBx16Q13I43yUESbTnzEgA,19
n4XrNsqY2Oi1DB7-2hJzTw,4
n4XrNsqY2Oi1DB7-2hJzTw,5
n4XrNsqY2Oi1DB7-2hJzTw,71
ovIxZ7qvNT76tilujesmIA,32
ovIxZ7qvNT76tilujesmIA,7
ovIxZ7qvNT76tilujesmIA,16
UJJFLUq9PY8uzzM0-9kiiQ,7
UJJFLUq9PY8uzzM0-9kiiQ,16
0EiJh5yw75hgNozbt5LnXA,90
0EiJh5yw75hgNozbt5LnXA,139
W0jwRIsaKlmANgd3IHBchQ,1
W0jwRIsaKlmANgd3IHBchQ,12
W0jwRIsaKlmANgd3IHBchQ,78
vxkOVmhReRa4XYfAT1hMxA,12
vxkOVmhReRa4XYfAT1hMxA,11
vxkOVmhReRa4XYfAT1hMxA,1
ev0CyR6RXtt-2mjQciY3nw,78
ev0CyR6RXtt-2mjQciY3nw,29
ev0CyR6RXtt-2mjQciY3nw,15
T8DpRFty13MXLf6MB43aLg,5
D6wyapYXP4lwLWjf-8_I4g,7
m4qhmWNKfgbJ502Zo6uZlw,111
m4qhmWNKfgbJ502Zo6uZlw,14
m4qhmWNKfgbJ502Zo6uZlw,13
zJc-8AKjGia6HJCPJ_4Obw,33
brOzmNDA4_3BehZ3d6c2GQ,108
brOzmNDA4_3BehZ3d6c2GQ,6
brOzmNDA4_3BehZ3d6c2GQ,86
1ormi492NqirB_kU_a8W-w,5
1ormi492NqirB_kU_a8W-w,16
zOOiBmo7mrXi7AR4N7Xswg,86
zOOiBmo7mrXi7AR4N7Xswg,108
zOOiBmo7mrXi7AR4N7Xswg,6
Rjmow52esfT1_eI6tfCHDQ,4
Rjmow52esfT1_eI6tfCHDQ,29
Rjmow52esfT1_eI6tfCHDQ,1
VzIm2zByTVNPmKkzYwCgkQ,108
VzIm2zByTVNPmKkzYwCgkQ,32
VzIm2zByTVNPmKkzYwCgkQ,3
6_NxWHy4flcwAlxMlK3ONQ,46
6_NxWHy4flcwAlxMlK3ONQ,71
V6ehBf1uJoMgA4XoqNHdbw,111
hmIudx02njSQxomFgbGruw,12
hmIudx02njSQxomFgbGruw,55
hmIudx02njSQxomFgbGruw,135
pXj9QQVummN5ANuseK4CvQ,55
_9ZZv5V-uM5BXx3P-HslIw,5
_9ZZv5V-uM5BXx3P-HslIw,55
_9ZZv5V-uM5BXx3P-HslIw,16
BruAH-ErE2dGQbGZDqKxuw,86
BruAH-ErE2dGQbGZDqKxuw,108
WsOF8iS1aRNVKVJdCPG0TQ,140
WsOF8iS1aRNVKVJdCPG0TQ,47
M0fRUDEo9mbnZFXhvshlFw,4
M0fRUDEo9mbnZFXhvshlFw,29
83QCpMgQrifnp_OiyYwcTA,5
83QCpMgQrifnp_OiyYwcTA,11
83QCpMgQrifnp_OiyYwcTA,19
RgWLC2mxfQXszqzPqOOy2g,53
paMwLc8H3QUaGTkBteUT9g,12
paMwLc8H3QUaGTkBteUT9g,32
paMwLc8H3QUaGTkBteUT9g,46
gq-1gRNvJHz3s4hSSJBisA,3
7GuI717B8NCEiKB5VVpOZg,54
06feX4qEHFMcPZsiWtvYfw,113
06feX4qEHFMcPZsiWtvYfw,6
06feX4qEHFMcPZsiWtvYfw,3
9Jiax4wZ94ZmMcMzmpdvJA,28
9Jiax4wZ94ZmMcMzmpdvJA,1
9ssjJoVJ8WxSNv1LamSbTA,12
0qmGd3I6dFkJ3auDgRZl4Q,70
0qmGd3I6dFkJ3auDgRZl4Q,50
0qmGd3I6dFkJ3auDgRZl4Q,23
PEz6_fgetbBgS_OTqXZFrQ,138
PEz6_fgetbBgS_OTqXZFrQ,5
_H63TVv7JmpEgY-X6D-H8Q,7
DQ1u0ef_EvdRjsou6_YNYw,10
a17mI6DjjfWDL6dpZS6oBg,4
a17mI6DjjfWDL6dpZS6oBg,6
a17mI6DjjfWDL6dpZS6oBg,5
Y1-cXsWZ1v2rRj5MMtFsqA,29
Y1-cXsWZ1v2rRj5MMtFsqA,4
Y1-cXsWZ1v2rRj5MMtFsqA,92
4477ntkswKJ7L3a9pQlgpA,9
XgJWwSXomuSblxFBE-AxpA,25
XgJWwSXomuSblxFBE-AxpA,6
XgJWwSXomuSblxFBE-AxpA,11
X5zFRt9hyd2Zoc8a1O4EZw,12
y0hnMm4EcplmZYUs_XpAvA,53
y0hnMm4EcplmZYUs_XpAvA,32
oYpQs22iUr68hSiTh7pMRA,126
oYpQs22iUr68hSiTh7pMRA,120
IRt_9aHwWTGLKKUdNiKjDQ,29
_oFjSOkTlCjIAvgprpCLig,52
_oFjSOkTlCjIAvgprpCLig,24
AYXI075xCbAK-B-acG1Hyw,56
AYXI075xCbAK-B-acG1Hyw,29
C9SJfJJmlqDvsgSNR569Xw,123
bFuUggRPBrXbSQqUbpUgUw,29
bFuUggRPBrXbSQqUbpUgUw,4
JzW-uJwi7cGd0c_VS8wvBQ,12
JzW-uJwi7cGd0c_VS8wvBQ,1
JzW-uJwi7cGd0c_VS8wvBQ,32
rjPjpokoEmfxUPtB7-i3lA,31
rjPjpokoEmfxUPtB7-i3lA,29
wmAbTvFFoo5X5XHQaG7DXw,26
wmAbTvFFoo5X5XHQaG7DXw,47
v95lM5eqV1feLxQakFN5bA,24
v95lM5eqV1feLxQakFN5bA,52
Zm29bLI2eYCevnse4n2U1g,12
Zm29bLI2eYCevnse4n2U1g,62
Zm29bLI2eYCevnse4n2U1g,4
bxK9HuWkZ_8wH8EzZyMvBg,1
1nBaLt_PZQZr4QaBK2KZlg,22
1nBaLt_PZQZr4QaBK2KZlg,50
1nBaLt_PZQZr4QaBK2KZlg,24
-uPcDd5ulyWh4iZm--LY-Q,28
IhjP8q2cHol4ziuiDFdK2Q,21
IhjP8q2cHol4ziuiDFdK2Q,16
IhjP8q2cHol4ziuiDFdK2Q,6
6hSUJ53Tf1dNs_1d6EZ_pQ,5
1JHyHC_guUaVwTi3m4Vu5g,22
1JHyHC_guUaVwTi3m4Vu5g,21
JzFweQSjdivBYiLA96UF5Q,29
JzFweQSjdivBYiLA96UF5Q,76
JzFweQSjdivBYiLA96UF5Q,55
RjIpiZLefONlg4SfWUjirg,113
RjIpiZLefONlg4SfWUjirg,108
RjIpiZLefONlg4SfWUjirg,3
zNarrsjYcjkjoIfl35FeOA,52
wMRrk6HNeZAUN596aeXtjw,22
wMRrk6HNeZAUN596aeXtjw,24
wMRrk6HNeZAUN596aeXtjw,1
wV1jn1hRVkKClxstWDXAyQ,108
wV1jn1hRVkKClxstWDXAyQ,86
QppHVruDZzKcyIGqdvDtRw,27
xo7g1UhRVROVPBnQCgpULQ,5
xo7g1UhRVROVPBnQCgpULQ,4
Oj5Seggqo_2FfKSjcAg7yw,37
Oj5Seggqo_2FfKSjcAg7yw,24
Oj5Seggqo_2FfKSjcAg7yw,21
Zf70bCxwMFD1TCBKr13LQQ,33
Zf70bCxwMFD1TCBKr13LQQ,6
1E_JFdI6HfEhh3T_qvO_jw,29
1E_JFdI6HfEhh3T_qvO_jw,6
1E_JFdI6HfEhh3T_qvO_jw,31
ZepRG9iVXXA-u3gH5C-UKA,76
ZepRG9iVXXA-u3gH5C-UKA,93
nIEpvNvqzZPY99JL8bpl3A,26
onshabuosu7_VevxJMSYhg,55
onshabuosu7_VevxJMSYhg,13
onshabuosu7_VevxJMSYhg,71
Bmvu1grPzxECp7dxm8zerA,30
Bmvu1grPzxECp7dxm8zerA,69
ph3SOdb_khwezTiKtwh04w,4
ph3SOdb_khwezTiKtwh04w,5
ph3SOdb_khwezTiKtwh04w,1
AHC01qlTiuHn-pHVQ_4DGQ,47
AHC01qlTiuHn-pHVQ_4DGQ,26
DZwndM7SUHCFAkH-TNdhrw,141
DZwndM7SUHCFAkH-TNdhrw,23
vMm2gDPLq7ojknVBIwmBjQ,129
RJ0sf3u5XO9vkiQ9KL6jKw,43
RJ0sf3u5XO9vkiQ9KL6jKw,142
RJ0sf3u5XO9vkiQ9KL6jKw,143
LSmYTw4HvU0lDBK4Mg2KyQ,4
LSmYTw4HvU0lDBK4Mg2KyQ,29
38HqGkzDw0MSa1MoB7Xxtw,55
38HqGkzDw0MSa1MoB7Xxtw,12
PoegPmAHEAU7r1X1lBBzAQ,55
PoegPmAHEAU7r1X1lBBzAQ,12
BVmai7GjUgVXpgCPYDLlrw,32
BVmai7GjUgVXpgCPYDLlrw,6
BVmai7GjUgVXpgCPYDLlrw,29
ovthxd_lV4rGyHKQBVePUA,36
ovthxd_lV4rGyHKQBVePUA,144
F21KbDE_trrfC2lrByP1zg,28
mOcQkxN06PDli2Dm0_XV7w,140
BIoOo38v1aoYE5vlOUd1-w,14
BIoOo38v1aoYE5vlOUd1-w,71
CzzkGwY4N-tW8lUOPKOBNA,29
CzzkGwY4N-tW8lUOPKOBNA,59
sUBnTXhtUcOpjrZhAhHzqQ,62
sUBnTXhtUcOpjrZhAhHzqQ,67
sUBnTXhtUcOpjrZhAhHzqQ,1
knIq-vPHJGFC0UzAtIFESw,5
XzuXSTuJqqMVdDbN2lUs7g,7
XzuXSTuJqqMVdDbN2lUs7g,62
HvtGWqaCdnE8k9PEVzhXKg,1
HvtGWqaCdnE8k9PEVzhXKg,126
4mClpg19Ntiw1s75kF19Bg,64
4mClpg19Ntiw1s75kF19Bg,1
4mClpg19Ntiw1s75kF19Bg,44
pksM6e_ajgLkX-mSCYxSyA,12
pksM6e_ajgLkX-mSCYxSyA,55
nijacBMGySzM0sBsYYxUhQ,111
6dB2_doBzgx3SGkgyMA96g,20
AYxtDjXVDqDusFMSOkOkvA,6
AYxtDjXVDqDusFMSOkOkvA,108
AYxtDjXVDqDusFMSOkOkvA,113
KAyX9k6eaKrNigFGgwqm6g,29
KAyX9k6eaKrNigFGgwqm6g,4
j1WPxYKT3Qyt1PohcQfNtg,65
j1WPxYKT3Qyt1PohcQfNtg,66
JdWplSS3RfBFamm4FshtcA,4
JdWplSS3RfBFamm4FshtcA,5
JdWplSS3RfBFamm4FshtcA,32
-gdR559hH89jagbHzZb10w,6
-gdR559hH89jagbHzZb10w,29
bxy3khT-2R66tcdKjFa2pw,12
bxy3khT-2R66tcdKjFa2pw,55
kCV-HKlQRdhAj8HNqGOnHg,9
5jCQ11S5j3-YUUk_ERCpAw,65
aKkBBvvvDlatW2eHWBJwkQ,31
aKkBBvvvDlatW2eHWBJwkQ,12
aKkBBvvvDlatW2eHWBJwkQ,145
J4UsOYwRprbJXIVB_NcldQ,12
J4UsOYwRprbJXIVB_NcldQ,11
J4UsOYwRprbJXIVB_NcldQ,1
5gJ54ZorEYdQK7TAD7Yz7g,68
5gJ54ZorEYdQK7TAD7Yz7g,1
hdkwBpYj1xCqpto_2ttZrw,62
uMQDgdKA1prI6NhjPo3Njg,29
uMQDgdKA1prI6NhjPo3Njg,37
uMQDgdKA1prI6NhjPo3Njg,78
GfuDpypk9ekc8OsMRTMJ0A,21
GfuDpypk9ekc8OsMRTMJ0A,1
GfuDpypk9ekc8OsMRTMJ0A,22
nvU5FVkMovSep9GavlwxTg,28
nvU5FVkMovSep9GavlwxTg,24
nvU5FVkMovSep9GavlwxTg,52
vq9wUaTg0SZvzKR8Ug2bRQ,54
qjd3zkHdNyw_YEO-SoBEBA,5
Lz83kK7FeMl5ZUeZpC0lfQ,25
1vTR-yWQpthBgQuzAdUZ3w,5
yoem-KW_Jln0LqsdLwLeUQ,29
yoem-KW_Jln0LqsdLwLeUQ,76
moghdY0n6S7FWUL2eL2N5w,28
RdxN5oT8r6DF0P3PNV1Owg,4
RdxN5oT8r6DF0P3PNV1Owg,5
eHZLtnQOjNsL1_X4TJmtOQ,1
xTAizRLXGPMTXl61-K1eOQ,10
9Zir6NdvN0W2eIuuHQosnQ,146
E8F4QcCBTXimwnJLbnt94g,4
E8F4QcCBTXimwnJLbnt94g,29
lt1ug5EbtOKY2WagY62U3g,53
lt1ug5EbtOKY2WagY62U3g,46
lt1ug5EbtOKY2WagY62U3g,3
KsL4dU2UkF4kf5G5fU9x2w,111
5eYs6Kz72F6ICd_kZ6mhxA,29
5eYs6Kz72F6ICd_kZ6mhxA,6
MOFJbwaQ_fWzySNGbRNrJQ,9
MOFJbwaQ_fWzySNGbRNrJQ,52
MOFJbwaQ_fWzySNGbRNrJQ,13
VwcuTadW8apQeNvt0IRfKQ,4
VwcuTadW8apQeNvt0IRfKQ,29
SmOX52W6mib-qT7GptyDVQ,5
SmOX52W6mib-qT7GptyDVQ,86
SmOX52W6mib-qT7GptyDVQ,16
J89TOYNqvbv_evthMzmRdQ,47
J89TOYNqvbv_evthMzmRdQ,35
leGlDtF4iveddK_uuBC8lQ,29
leGlDtF4iveddK_uuBC8lQ,4
bqC8cTtPJmSAW6NUVHV9YQ,76
bqC8cTtPJmSAW6NUVHV9YQ,5
gNbGqCWNyfUKbB5zsVF9Ow,46
gNbGqCWNyfUKbB5zsVF9Ow,71
uSM_sCp22BJWeatTDl6ODA,5
uSM_sCp22BJWeatTDl6ODA,1
uSM_sCp22BJWeatTDl6ODA,4
dHDZpSFJv6OruviJSU3YTA,21
dHDZpSFJv6OruviJSU3YTA,22
dHDZpSFJv6OruviJSU3YTA,16
aehgQxttnq8h6LEKsu9T7g,76
aehgQxttnq8h6LEKsu9T7g,6
aehgQxttnq8h6LEKsu9T7g,3
V9JwfAKDxqzZaH8srJsu3g,55
V9JwfAKDxqzZaH8srJsu3g,6
V9JwfAKDxqzZaH8srJsu3g,147
e0Xqct07zghIfUQrSITjaw,129
e0Xqct07zghIfUQrSITjaw,84
e0Xqct07zghIfUQrSITjaw,111
20m21Q_2_kHQxTdt8z4i4A,33
8dZZy6AV4Bu_ftoDKQWpEQ,53
8dZZy6AV4Bu_ftoDKQWpEQ,16
8dZZy6AV4Bu_ftoDKQWpEQ,26
RX8V-PemYDvTY1V0U42_bA,18
RX8V-PemYDvTY1V0U42_bA,11
RX8V-PemYDvTY1V0U42_bA,148
gSkiRGUvY9pKdQ55cjWAuQ,7
gSkiRGUvY9pKdQ55cjWAuQ,144
0s8iv660dB30pHK4W1r6KA,21
0s8iv660dB30pHK4W1r6KA,22
0s8iv660dB30pHK4W1r6KA,4
1VqftFBUMdktbt2MX5JUNQ,55
1VqftFBUMdktbt2MX5JUNQ,12
pEc4AsxF0nuxcg4Ac-kD2Q,9
kv2YduXuMT0zXenst5zAnA,12
ouHtxTVTVDB8KZ5mkLvU2g,29
ouHtxTVTVDB8KZ5mkLvU2g,46
ouHtxTVTVDB8KZ5mkLvU2g,78
wkQ1nCkrNlo25fRd3LCQUw,22
j_hShq99ICJFWzFNG464-w,55
MUs4mWUZWzR4UabPKeq-Gg,78
MUs4mWUZWzR4UabPKeq-Gg,29
7ysLZWWRw4swz6x9d6KXwg,55
7ysLZWWRw4swz6x9d6KXwg,32
0qdUCUn5GwS3PH5tJNuc-g,12
qpg8rxHXMDl8FKLxdxdl3A,1
qpg8rxHXMDl8FKLxdxdl3A,29
qpg8rxHXMDl8FKLxdxdl3A,10
6sM4hFHheaRNwsd74wplEw,76
6sM4hFHheaRNwsd74wplEw,29
6sM4hFHheaRNwsd74wplEw,96
t8ulmektVH2HvHYa_SU4mw,22
t8ulmektVH2HvHYa_SU4mw,21
t8ulmektVH2HvHYa_SU4mw,69
KPFscTq_-jGPla0cNQRUcg,4
KPFscTq_-jGPla0cNQRUcg,29
KPFscTq_-jGPla0cNQRUcg,15
joA7OEK0JqjRT3Qx7c9r-w,28
ugoYu1bLnbuN4tK-SbT1oA,6
ugoYu1bLnbuN4tK-SbT1oA,15
ugoYu1bLnbuN4tK-SbT1oA,29
gZE88NYQbY3bQG87tjvQkw,29
DtpoEm-kp6mOBhsnpVzWlA,22
DtpoEm-kp6mOBhsnpVzWlA,21
DtpoEm-kp6mOBhsnpVzWlA,127
nVpdObH9RteZ2xILtZIQFw,10
nVpdObH9RteZ2xILtZIQFw,50
nVpdObH9RteZ2xILtZIQFw,29
VxoRKAebGksNn5ewTGGxQQ,76
VxoRKAebGksNn5ewTGGxQQ,57
WX5HDdUTwYWhu6XDtawDhw,106
WX5HDdUTwYWhu6XDtawDhw,34
WX5HDdUTwYWhu6XDtawDhw,50
n7kjRf3hMYDhCqxG6iC4Cg,66
n7kjRf3hMYDhCqxG6iC4Cg,32
n7kjRf3hMYDhCqxG6iC4Cg,46
r7-YSA7Z8p4KISZ-jEww5A,1
r7-YSA7Z8p4KISZ-jEww5A,29
r7-YSA7Z8p4KISZ-jEww5A,4
LgKBFgM0hN2yyX9WfEF_JQ,7
LgKBFgM0hN2yyX9WfEF_JQ,4
DJ8L-KDfSJ7ubkqE-FmqPw,22
DJ8L-KDfSJ7ubkqE-FmqPw,21
RGITbQOvmiSuUIAWm9abKA,54
lABW8RU5XEzwQaxt-Yfv_Q,51
JX8z_4daLZFoeju7cccS-w,16
JX8z_4daLZFoeju7cccS-w,18
AJpYRxL0fDtgH44TArFB0A,17
AJpYRxL0fDtgH44TArFB0A,18
AJpYRxL0fDtgH44TArFB0A,19
QNbgjGvarXlMAchLntONFQ,6
QNbgjGvarXlMAchLntONFQ,140
6jJldJSssvuT50o2agT9dg,140
3DtTVTvn8FgmGuEfogXSmg,9
3DtTVTvn8FgmGuEfogXSmg,14
3DtTVTvn8FgmGuEfogXSmg,43
YgcZLW4jKjHVMkjwoeM2-A,7
oDycN7PPSmQEBtUYBRXvQw,29
oDycN7PPSmQEBtUYBRXvQw,31
oDycN7PPSmQEBtUYBRXvQw,95
x1RY1aPN9I_fWGyFRZQd9g,22
x1RY1aPN9I_fWGyFRZQd9g,21
x1RY1aPN9I_fWGyFRZQd9g,24
VKjSBt5rIgPQpYUzR8v7mw,24
VKjSBt5rIgPQpYUzR8v7mw,32
VKjSBt5rIgPQpYUzR8v7mw,52
A4js3H3Icd45DaaqfD5dQw,16
A4js3H3Icd45DaaqfD5dQw,29
A4js3H3Icd45DaaqfD5dQw,19
5STbrZ-GGRZbhH26s7j4nA,55
5STbrZ-GGRZbhH26s7j4nA,23
5STbrZ-GGRZbhH26s7j4nA,3
3942kJZKI8gsJO0BdRsneA,47
3942kJZKI8gsJO0BdRsneA,26
3942kJZKI8gsJO0BdRsneA,84
xTU-NCJD7RdTphUrP7jt1w,10
xTU-NCJD7RdTphUrP7jt1w,5
9kwkBVZij0Vz2GzxARwG0Q,9
9kwkBVZij0Vz2GzxARwG0Q,52
MKdL3zHlpqgTUg-UjonEaw,86
xVlD-6Ni4eVJfHNdg9uIfA,5
tG-noZMPf8yr3fJF2YXnKA,86
UUlbF6jIIH2Eyxg9N8-CAw,90
UUlbF6jIIH2Eyxg9N8-CAw,149
zZr02LEjAnCQ0qgqi8cBIA,12
zZr02LEjAnCQ0qgqi8cBIA,17
YA2zC4F32g-BwRfQ0KUeaA,21
YA2zC4F32g-BwRfQ0KUeaA,22
6uuWg3RYUYzrLePphT3PQw,29
kRRz2goOi0tzd9TTqlifQg,7
kRRz2goOi0tzd9TTqlifQg,103
kRRz2goOi0tzd9TTqlifQg,5
apIHa_sfOox4DQkWE4u3ow,22
oI2gEfrxxSdn55mK1pt2iw,28
oI2gEfrxxSdn55mK1pt2iw,24
oI2gEfrxxSdn55mK1pt2iw,13
Mj9P_ON9YPDmFV4GJXYYYA,5
Mj9P_ON9YPDmFV4GJXYYYA,11
Mj9P_ON9YPDmFV4GJXYYYA,1
bD14X8OcKEU-ToxYDBKs6Q,90
Df2QJe-w68JM0fR9rFfPhA,58
ZQNf8895P81vjCfyipjhYw,5
ZQNf8895P81vjCfyipjhYw,150
ZQNf8895P81vjCfyipjhYw,16
pW-9K9V5KQWxd-teAtcjlQ,12
XWF0qtV3GxkgfdvAjwpfzQ,9
XWF0qtV3GxkgfdvAjwpfzQ,1
XWF0qtV3GxkgfdvAjwpfzQ,52
oIzfAg8hEkzVrxTJaIfoPQ,4
oIzfAg8hEkzVrxTJaIfoPQ,62
oIzfAg8hEkzVrxTJaIfoPQ,15
xrc65jJ0rmjaZ8B-6Yt1Dw,67
xrc65jJ0rmjaZ8B-6Yt1Dw,50
xrc65jJ0rmjaZ8B-6Yt1Dw,127
aVCqrBqMqZaapyVrVNnZJQ,22
aVCqrBqMqZaapyVrVNnZJQ,32
aVCqrBqMqZaapyVrVNnZJQ,108
i_9BuTE40SaUqMDfrT3cnA,47
i_9BuTE40SaUqMDfrT3cnA,140
F3mkWiwfz_RN8zThINCAdw,14
F3mkWiwfz_RN8zThINCAdw,46
F3mkWiwfz_RN8zThINCAdw,13
Co394lQ-3el7bcavAW9Haw,7
Co394lQ-3el7bcavAW9Haw,5
Co394lQ-3el7bcavAW9Haw,10
expooI-n3P-brTBFKs2Qxg,51
expooI-n3P-brTBFKs2Qxg,151
expooI-n3P-brTBFKs2Qxg,52
IB2u25TrT22WMwtqTXVmeQ,91
IB2u25TrT22WMwtqTXVmeQ,12
IB2u25TrT22WMwtqTXVmeQ,90
iVTuysN5MoDfMdapoLLW6Q,9
KbLm8n_ikUMkdx3Lz17u7A,3
KbLm8n_ikUMkdx3Lz17u7A,147
KbLm8n_ikUMkdx3Lz17u7A,15
-ad2yZYCBzMbypQhs9b84Q,65
-ad2yZYCBzMbypQhs9b84Q,1
-ad2yZYCBzMbypQhs9b84Q,138
5ZU89ikfTJ3CJBh0Zgb9Xw,5
5ZU89ikfTJ3CJBh0Zgb9Xw,16
8z_wiU74O4F6RDuIYrjZ0g,11
8z_wiU74O4F6RDuIYrjZ0g,16
8z_wiU74O4F6RDuIYrjZ0g,5
XgR_JOWMTpd0xJeFq_tc-g,12
XgR_JOWMTpd0xJeFq_tc-g,32
XgR_JOWMTpd0xJeFq_tc-g,11
ChzM9HTXqqe0VdXSbMGoqQ,24
ChzM9HTXqqe0VdXSbMGoqQ,21
ChzM9HTXqqe0VdXSbMGoqQ,16
YOzva5nTtkQhyPrHErGn7Q,4
YOzva5nTtkQhyPrHErGn7Q,49
YOzva5nTtkQhyPrHErGn7Q,6
1M6BZcFTnmXkxWDYqo6qPQ,22
1M6BZcFTnmXkxWDYqo6qPQ,21
ULGoHTVLp5ZgUEBoxFb4vg,4
ULGoHTVLp5ZgUEBoxFb4vg,29
9giqdVvjMkdwuDHWWn56EQ,3
9giqdVvjMkdwuDHWWn56EQ,20
9giqdVvjMkdwuDHWWn56EQ,90
e2m_hgBz-SoYXydUucTrbg,9
18IU9OgMENWb-AYyku4Z7A,12
18IU9OgMENWb-AYyku4Z7A,50
18IU9OgMENWb-AYyku4Z7A,1
d9INZdRybrmFJYhMM_ZrqA,152
d9INZdRybrmFJYhMM_ZrqA,90
d9INZdRybrmFJYhMM_ZrqA,55
-Eg1pMVoWg8YR6-O4QuTxw,140
-Eg1pMVoWg8YR6-O4QuTxw,84
-Eg1pMVoWg8YR6-O4QuTxw,3
l5r5mdi099B9zwyVL-5-Lg,4
l5r5mdi099B9zwyVL-5-Lg,5
x80bi4pYRSD5LxsY86JNsA,89
x80bi4pYRSD5LxsY86JNsA,26
x80bi4pYRSD5LxsY86JNsA,153
V3gTJw0sjXvXKMRt3vCzmg,4
V3gTJw0sjXvXKMRt3vCzmg,32
V3gTJw0sjXvXKMRt3vCzmg,36
xyoagpWYgFuIKcCE425epA,7
xyoagpWYgFuIKcCE425epA,4
io-96LKZ13HM992__Pao3A,26
5aIfAZCVQQ2b39eNytPHgw,113
5aIfAZCVQQ2b39eNytPHgw,6
9rQ4JM_WDMMPFpb340zl6A,46
9rQ4JM_WDMMPFpb340zl6A,103
9rQ4JM_WDMMPFpb340zl6A,55
j_fhXdgayrGKD1xTr2bJJQ,89
j_fhXdgayrGKD1xTr2bJJQ,6
j_fhXdgayrGKD1xTr2bJJQ,19
UPtndx3jFSyhz7KpBbv8XQ,59
UPtndx3jFSyhz7KpBbv8XQ,55
UPtndx3jFSyhz7KpBbv8XQ,16
Svxkliw-2cfHifMK8EvkIQ,5
Svxkliw-2cfHifMK8EvkIQ,16
6QxQJthmwXxIANi6do9iRg,17
6QxQJthmwXxIANi6do9iRg,154
mtG5TI0nPbrty2zf8Gz7Jg,4
mtG5TI0nPbrty2zf8Gz7Jg,5
mtG5TI0nPbrty2zf8Gz7Jg,1
hpz2qRnei2IJROLJUJVvPQ,62
hpz2qRnei2IJROLJUJVvPQ,154
AwgyJFy0UQdSpEZRMaSNRQ,54
AwgyJFy0UQdSpEZRMaSNRQ,3
GHmjQQuQya93blcsHHLDjQ,4
GHmjQQuQya93blcsHHLDjQ,5
GHmjQQuQya93blcsHHLDjQ,3
9gV2YmOzoNlya1CD6lGSXQ,111
9gV2YmOzoNlya1CD6lGSXQ,84
loARYRGAZiQd7NxLTxURlQ,5
loARYRGAZiQd7NxLTxURlQ,25
D2xCw0EkNmZtTNPv73vBMw,103
D2xCw0EkNmZtTNPv73vBMw,3
xSB2iq2DoF84H0CwctG6Fg,55
xSB2iq2DoF84H0CwctG6Fg,33
xSB2iq2DoF84H0CwctG6Fg,46
2ryBsj0YPSGfIBedQIWJgA,111
2ryBsj0YPSGfIBedQIWJgA,155
2ryBsj0YPSGfIBedQIWJgA,24
ZJw7_sCOfaUmib1Q0vBAZA,28
ZJw7_sCOfaUmib1Q0vBAZA,1
ZJw7_sCOfaUmib1Q0vBAZA,23
um4x6dIkv8w2a4e0VkRNmA,78
um4x6dIkv8w2a4e0VkRNmA,12
8OlvNJkV6B4_h0GIijuuCw,108
8OlvNJkV6B4_h0GIijuuCw,64
8OlvNJkV6B4_h0GIijuuCw,44
0AOdsO0aRRRlwxH_MGeoWg,120
0AOdsO0aRRRlwxH_MGeoWg,11
0AOdsO0aRRRlwxH_MGeoWg,16
